               epoch,      train/box_loss,      train/obj_loss,      train/cls_loss,   metrics/precision,      metrics/recall,     metrics/mAP_0.5,metrics/mAP_0.5:0.95,        val/box_loss,        val/obj_loss,        val/cls_loss,               x/lr0,               x/lr1,               x/lr2
                   0,             0.12778,            0.074401,            0.037474,           0.0060064,             0.29078,           0.0081075,           0.0015729,             0.10499,            0.086894,            0.027982,            0.070882,           0.0032353,           0.0032353
                   1,             0.10935,            0.062745,            0.024682,             0.22178,             0.40224,             0.21547,            0.051861,            0.085696,            0.077753,            0.020116,            0.040861,            0.006547,            0.006547
                   2,             0.10053,            0.061145,            0.016872,             0.16203,             0.38242,             0.15787,            0.033203,            0.087859,            0.058794,            0.009931,            0.010817,           0.0098366,           0.0098366
                   3,            0.090227,            0.063912,            0.011941,              0.4723,             0.40082,             0.40661,              0.1034,            0.077109,            0.063137,           0.0065657,            0.009901,            0.009901,            0.009901
                   4,            0.083579,            0.060515,           0.0088365,             0.24786,             0.77687,              0.3764,             0.12926,            0.079842,            0.065097,           0.0038702,            0.009901,            0.009901,            0.009901
                   5,            0.074927,            0.060409,           0.0074844,             0.53986,             0.76713,             0.58801,              0.2531,            0.063169,            0.060181,           0.0040261,            0.009868,            0.009868,            0.009868
                   6,             0.06909,            0.063933,           0.0058052,             0.70674,             0.82967,             0.73891,             0.26709,            0.055509,            0.060437,           0.0029565,            0.009835,            0.009835,            0.009835
                   7,            0.064006,            0.061056,            0.005425,             0.48245,             0.85109,             0.72249,             0.38688,             0.05469,             0.05791,           0.0027153,            0.009802,            0.009802,            0.009802
                   8,            0.061865,            0.058316,           0.0044045,             0.81717,             0.87753,             0.93963,             0.42815,             0.04864,            0.055496,           0.0023357,            0.009769,            0.009769,            0.009769
                   9,            0.059254,            0.058643,           0.0038881,             0.84599,             0.89618,             0.95912,             0.49584,            0.049333,            0.058035,            0.002676,            0.009736,            0.009736,            0.009736
                  10,            0.056063,            0.056843,           0.0040965,             0.90425,              0.9009,              0.9377,             0.58107,            0.047883,            0.056775,            0.002599,            0.009703,            0.009703,            0.009703
                  11,            0.057841,            0.054424,           0.0038093,             0.77683,               0.913,              0.9376,             0.60029,            0.046315,            0.052385,           0.0028319,             0.00967,             0.00967,             0.00967
                  12,            0.054308,            0.053441,           0.0038873,             0.89657,             0.89463,             0.94263,             0.60225,            0.046212,            0.055293,           0.0024045,            0.009637,            0.009637,            0.009637
                  13,            0.053915,            0.053675,            0.003344,              0.9633,             0.95768,             0.97037,             0.54913,            0.044389,            0.050924,           0.0022238,            0.009604,            0.009604,            0.009604
                  14,            0.052286,            0.052236,           0.0029238,             0.96567,             0.96532,             0.97882,             0.64315,            0.042915,            0.049678,           0.0019573,            0.009571,            0.009571,            0.009571
                  15,            0.052058,            0.052333,           0.0028573,             0.95017,             0.97192,             0.98004,              0.7166,            0.039659,            0.048368,           0.0020087,            0.009538,            0.009538,            0.009538
                  16,            0.049201,            0.052638,           0.0031903,             0.96811,             0.92965,             0.98015,             0.70654,            0.044321,            0.051796,           0.0021759,            0.009505,            0.009505,            0.009505
                  17,            0.050507,            0.053148,           0.0028031,              0.9355,             0.96642,             0.98145,             0.71597,            0.039171,            0.047887,           0.0021892,            0.009472,            0.009472,            0.009472
                  18,            0.050262,             0.05128,           0.0028657,             0.79462,              0.9335,             0.94789,             0.68034,             0.04148,            0.053452,           0.0021116,            0.009439,            0.009439,            0.009439
                  19,            0.048967,                0.05,           0.0027784,             0.99018,             0.96981,             0.98312,             0.69498,            0.037716,            0.047714,           0.0020045,            0.009406,            0.009406,            0.009406
                  20,            0.048868,            0.050211,           0.0023124,             0.96695,             0.96858,             0.98147,              0.7233,            0.037435,            0.047855,           0.0019366,            0.009373,            0.009373,            0.009373
                  21,            0.047178,            0.048472,           0.0030354,             0.98894,              0.9772,             0.98359,             0.73099,            0.036593,            0.046269,           0.0020814,             0.00934,             0.00934,             0.00934
                  22,            0.047186,            0.049994,           0.0025583,             0.98989,              0.9743,             0.98604,             0.71928,            0.036512,            0.047644,           0.0016788,            0.009307,            0.009307,            0.009307
                  23,            0.047185,            0.047552,           0.0025215,             0.98764,             0.97634,              0.9847,             0.68294,            0.036247,            0.047713,           0.0016985,            0.009274,            0.009274,            0.009274
                  24,            0.047743,            0.050445,            0.002654,             0.99261,             0.97674,             0.98491,             0.71701,            0.032878,            0.046728,           0.0016856,            0.009241,            0.009241,            0.009241
                  25,            0.045507,            0.048934,           0.0022962,             0.99154,             0.97917,             0.98374,             0.74224,            0.035428,            0.046815,           0.0016899,            0.009208,            0.009208,            0.009208
                  26,            0.044468,            0.048285,            0.002464,             0.99176,             0.97919,             0.98367,             0.67767,             0.03579,            0.048278,           0.0016178,            0.009175,            0.009175,            0.009175
                  27,             0.04479,            0.048917,            0.002251,             0.96713,             0.93141,             0.97435,             0.72206,            0.034202,            0.047978,           0.0039595,            0.009142,            0.009142,            0.009142
                  28,            0.043826,            0.047657,            0.002199,             0.96503,             0.86112,             0.91518,             0.63297,            0.038376,            0.056343,           0.0050365,            0.009109,            0.009109,            0.009109
                  29,            0.044856,            0.048695,           0.0022165,             0.99148,             0.97587,             0.98454,             0.72607,            0.034264,            0.047685,           0.0016726,            0.009076,            0.009076,            0.009076
                  30,            0.042171,             0.04678,           0.0027418,             0.99234,             0.97756,              0.9878,             0.73245,            0.037111,            0.046139,           0.0017636,            0.009043,            0.009043,            0.009043
                  31,            0.041475,            0.046982,           0.0022882,             0.98925,             0.97917,             0.98623,             0.74017,            0.034384,            0.045692,           0.0014442,             0.00901,             0.00901,             0.00901
                  32,            0.041697,            0.044963,           0.0019812,             0.99132,             0.97838,             0.98599,             0.77942,            0.034038,            0.044011,           0.0013869,            0.008977,            0.008977,            0.008977
                  33,            0.042767,            0.046224,           0.0022601,             0.99128,             0.97634,             0.98675,             0.72631,            0.034414,            0.045495,           0.0014531,            0.008944,            0.008944,            0.008944
                  34,            0.041844,            0.048527,           0.0020185,             0.98776,              0.9743,             0.98518,             0.75183,            0.032755,            0.045442,           0.0013239,            0.008911,            0.008911,            0.008911
                  35,            0.043571,            0.046119,           0.0022351,             0.98927,             0.97674,             0.98745,             0.69234,            0.035884,            0.046213,           0.0017444,            0.008878,            0.008878,            0.008878
                  36,            0.041683,            0.046473,           0.0023842,             0.98767,             0.97593,             0.98692,             0.78746,            0.032066,              0.0458,           0.0015084,            0.008845,            0.008845,            0.008845
                  37,            0.040961,            0.045842,           0.0017125,             0.99526,             0.97548,             0.98762,             0.75954,            0.031393,             0.04432,           0.0013227,            0.008812,            0.008812,            0.008812
                  38,            0.041241,             0.04648,           0.0022077,              0.9919,              0.9764,             0.98693,             0.74571,            0.031617,            0.045114,           0.0014028,            0.008779,            0.008779,            0.008779
                  39,            0.040366,            0.045499,           0.0021696,             0.98884,             0.98286,             0.98819,              0.7912,            0.028088,            0.042117,           0.0013586,            0.008746,            0.008746,            0.008746
                  40,            0.041187,            0.046466,           0.0019462,             0.99443,              0.9753,             0.98819,             0.78605,            0.032305,            0.045409,            0.001385,            0.008713,            0.008713,            0.008713
                  41,            0.039667,            0.044607,            0.002125,             0.98854,              0.9796,             0.98694,             0.76892,            0.032845,            0.043496,           0.0014776,             0.00868,             0.00868,             0.00868
                  42,            0.037923,            0.045038,           0.0019537,             0.98995,             0.98042,             0.98809,             0.78662,            0.029872,            0.041829,           0.0015129,            0.008647,            0.008647,            0.008647
                  43,            0.040172,            0.045156,           0.0018272,              0.9906,             0.98164,             0.98801,             0.79792,            0.029084,            0.041861,           0.0014231,            0.008614,            0.008614,            0.008614
                  44,            0.038398,            0.042936,           0.0019067,             0.99367,             0.97552,             0.98696,              0.7853,            0.033017,            0.043221,           0.0013066,            0.008581,            0.008581,            0.008581
                  45,            0.039804,            0.044384,           0.0018717,             0.99296,             0.97552,             0.98734,             0.77152,            0.031635,            0.043003,           0.0012763,            0.008548,            0.008548,            0.008548
                  46,            0.039815,            0.043534,           0.0017566,             0.98972,                0.98,             0.98743,             0.74559,            0.032097,            0.043894,           0.0013338,            0.008515,            0.008515,            0.008515
                  47,            0.040293,            0.045877,           0.0020588,             0.99239,             0.97932,             0.98845,             0.76835,            0.030783,            0.041802,           0.0011845,            0.008482,            0.008482,            0.008482
                  48,            0.038706,            0.044091,           0.0015641,             0.99384,             0.97808,             0.98825,             0.78016,            0.031369,            0.043173,           0.0013049,            0.008449,            0.008449,            0.008449
                  49,             0.03812,            0.041863,           0.0019632,             0.99132,             0.97838,             0.98747,             0.72253,              0.0341,            0.045322,            0.001248,            0.008416,            0.008416,            0.008416
                  50,            0.039373,            0.045339,           0.0018974,             0.99374,              0.9796,             0.98753,             0.77307,            0.031128,            0.042156,           0.0012585,            0.008383,            0.008383,            0.008383
                  51,            0.037266,            0.044508,            0.001772,             0.99536,             0.98058,             0.98826,             0.79826,            0.030173,            0.041259,           0.0011159,             0.00835,             0.00835,             0.00835
                  52,            0.039718,            0.045659,           0.0016547,             0.99436,             0.98001,             0.98764,             0.74697,            0.030651,            0.044004,           0.0012032,            0.008317,            0.008317,            0.008317
                  53,            0.038566,            0.044066,           0.0016831,             0.99402,             0.98133,             0.98808,             0.80042,            0.028214,            0.041705,           0.0010783,            0.008284,            0.008284,            0.008284
                  54,            0.037259,            0.042783,           0.0018999,             0.99294,             0.98088,             0.98715,             0.74942,            0.031315,            0.044086,           0.0011538,            0.008251,            0.008251,            0.008251
                  55,             0.03826,             0.04408,           0.0022733,             0.99278,             0.97962,             0.98657,             0.77912,            0.028708,            0.042776,            0.001366,            0.008218,            0.008218,            0.008218
                  56,            0.036336,            0.044037,           0.0020452,             0.99378,             0.97797,             0.98709,             0.80624,            0.029018,            0.041679,           0.0012584,            0.008185,            0.008185,            0.008185
                  57,            0.037801,             0.04198,           0.0017129,             0.99461,             0.97878,               0.988,             0.78132,            0.029456,            0.042003,           0.0011961,            0.008152,            0.008152,            0.008152
                  58,            0.038785,            0.044784,           0.0014871,             0.99442,             0.97756,             0.98806,             0.76814,            0.029186,            0.041309,           0.0011274,            0.008119,            0.008119,            0.008119
                  59,            0.037511,            0.041877,           0.0014671,             0.99231,             0.98045,             0.98643,             0.80031,            0.029199,            0.042674,           0.0011443,            0.008086,            0.008086,            0.008086
                  60,            0.036977,            0.042128,           0.0015589,             0.99531,             0.97874,             0.98781,             0.81447,            0.028586,            0.041453,           0.0011337,            0.008053,            0.008053,            0.008053
                  61,            0.036673,            0.041179,           0.0016465,              0.9952,             0.97878,             0.98815,             0.80598,            0.029756,            0.041103,           0.0011907,             0.00802,             0.00802,             0.00802
                  62,            0.038144,            0.043405,           0.0017874,             0.99544,             0.98042,             0.98799,             0.80056,            0.027473,            0.040756,           0.0013142,            0.007987,            0.007987,            0.007987
                  63,            0.036088,            0.043589,           0.0013888,             0.99563,             0.97761,              0.9869,               0.815,            0.028202,            0.041941,           0.0011716,            0.007954,            0.007954,            0.007954
                  64,             0.03685,            0.043365,           0.0016563,             0.99331,             0.98197,             0.98841,             0.78684,            0.027935,            0.041353,           0.0012173,            0.007921,            0.007921,            0.007921
                  65,            0.036099,            0.041696,           0.0015001,             0.99552,             0.97593,             0.98828,             0.80927,            0.028825,            0.041347,           0.0011259,            0.007888,            0.007888,            0.007888
                  66,            0.035651,            0.043439,           0.0014257,             0.99468,             0.98001,             0.98819,             0.81297,             0.02814,            0.039865,           0.0010898,            0.007855,            0.007855,            0.007855
                  67,            0.036159,            0.040463,           0.0015313,             0.99375,             0.97859,             0.98813,             0.80628,            0.028424,            0.040458,           0.0010635,            0.007822,            0.007822,            0.007822
                  68,            0.035342,            0.040996,           0.0015242,             0.99402,             0.97876,             0.98768,             0.79507,            0.028778,            0.041177,           0.0011856,            0.007789,            0.007789,            0.007789
                  69,             0.03563,            0.039261,           0.0017443,             0.99347,              0.9796,             0.98762,              0.8087,            0.026503,            0.039761,           0.0013285,            0.007756,            0.007756,            0.007756
                  70,            0.036357,            0.040742,            0.001703,             0.99298,             0.98286,             0.98683,             0.75811,            0.027959,            0.041415,           0.0012351,            0.007723,            0.007723,            0.007723
                  71,             0.03693,            0.042635,            0.001574,             0.99241,              0.9809,             0.98724,             0.76656,             0.03033,            0.042442,            0.001086,             0.00769,             0.00769,             0.00769
                  72,            0.035835,            0.041603,           0.0014752,              0.9934,             0.98082,             0.98611,             0.79461,            0.028195,            0.041259,           0.0010865,            0.007657,            0.007657,            0.007657
                  73,            0.034819,            0.040979,           0.0015851,             0.99463,             0.97789,             0.98697,             0.82257,            0.027326,            0.040368,          0.00090733,            0.007624,            0.007624,            0.007624
                  74,            0.037608,            0.042932,           0.0015793,             0.99173,             0.98286,              0.9879,             0.82002,            0.027254,            0.040211,          0.00090983,            0.007591,            0.007591,            0.007591
                  75,            0.035646,            0.041442,           0.0015531,             0.99076,             0.98103,             0.98751,             0.81921,             0.02673,            0.040271,           0.0011549,            0.007558,            0.007558,            0.007558
                  76,            0.034706,              0.0404,             0.00156,             0.99485,             0.98042,             0.98859,             0.80344,            0.027785,            0.040314,          0.00098638,            0.007525,            0.007525,            0.007525
                  77,             0.03548,            0.041287,           0.0014057,             0.99325,             0.97977,              0.9863,              0.8123,            0.027206,            0.039962,          0.00099956,            0.007492,            0.007492,            0.007492
                  78,            0.034151,            0.041161,           0.0014293,             0.99234,             0.98151,             0.98809,             0.81739,            0.027132,            0.039252,          0.00098504,            0.007459,            0.007459,            0.007459
                  79,            0.036514,            0.040461,           0.0012226,             0.99292,             0.98045,              0.9885,             0.81393,            0.027409,            0.039083,          0.00092179,            0.007426,            0.007426,            0.007426
                  80,             0.03499,            0.041135,           0.0014657,             0.99358,             0.98007,             0.98623,             0.81826,            0.026589,            0.040016,          0.00099661,            0.007393,            0.007393,            0.007393
                  81,             0.03376,            0.039952,            0.001418,              0.9954,             0.98003,             0.98739,             0.81134,            0.026621,            0.039535,          0.00093519,             0.00736,             0.00736,             0.00736
                  82,            0.034404,            0.039255,           0.0014778,             0.99469,             0.98246,             0.98809,             0.81076,            0.026692,            0.040327,          0.00090081,            0.007327,            0.007327,            0.007327
                  83,            0.034057,            0.039804,           0.0013877,             0.99504,             0.98082,             0.98707,             0.79557,            0.028157,            0.040336,          0.00084107,            0.007294,            0.007294,            0.007294
                  84,            0.033814,            0.040005,           0.0011575,              0.9945,             0.98104,             0.98865,             0.81609,            0.024988,            0.039346,           0.0007764,            0.007261,            0.007261,            0.007261
                  85,            0.034161,            0.040145,           0.0010794,              0.9943,              0.9796,             0.98876,             0.81027,            0.026157,            0.040017,          0.00083303,            0.007228,            0.007228,            0.007228
                  86,            0.035544,            0.043279,           0.0015717,             0.99401,             0.97919,              0.9884,             0.81443,            0.026349,            0.039975,          0.00084942,            0.007195,            0.007195,            0.007195
                  87,            0.033835,            0.041873,           0.0012525,             0.99499,             0.97805,             0.98841,             0.81238,            0.026203,             0.04076,          0.00094919,            0.007162,            0.007162,            0.007162
                  88,            0.034598,            0.039704,           0.0014092,             0.99492,             0.97947,             0.98873,                0.82,            0.026264,            0.039534,           0.0011035,            0.007129,            0.007129,            0.007129
                  89,            0.033718,            0.039613,           0.0017209,             0.99376,             0.97884,             0.98811,             0.82608,            0.025888,            0.039288,            0.001075,            0.007096,            0.007096,            0.007096
                  90,            0.034343,            0.041224,           0.0014838,              0.9938,             0.98042,             0.98947,             0.80724,            0.026913,            0.040589,          0.00090584,            0.007063,            0.007063,            0.007063
                  91,            0.032764,            0.039103,           0.0015222,             0.99532,             0.97756,              0.9887,             0.81107,            0.026295,              0.0399,            0.000906,             0.00703,             0.00703,             0.00703
                  92,            0.033845,            0.040558,           0.0013166,             0.99062,             0.98082,             0.98865,             0.81463,            0.026173,            0.039708,          0.00086464,            0.006997,            0.006997,            0.006997
                  93,            0.033138,            0.038583,           0.0010532,             0.99279,             0.98409,             0.98891,             0.82551,            0.026002,            0.039276,           0.0008653,            0.006964,            0.006964,            0.006964
                  94,            0.032773,            0.040927,          0.00099403,              0.9939,             0.98164,              0.9889,             0.81832,            0.026203,            0.039569,          0.00083673,            0.006931,            0.006931,            0.006931
                  95,            0.033158,            0.040627,           0.0012789,             0.99614,             0.97921,             0.98877,             0.82115,              0.0264,            0.039047,          0.00085668,            0.006898,            0.006898,            0.006898
                  96,            0.034816,            0.040049,           0.0014882,             0.99431,             0.97993,             0.98844,             0.82772,            0.024814,            0.038915,          0.00082119,            0.006865,            0.006865,            0.006865
                  97,             0.03114,            0.037323,           0.0013487,              0.9928,              0.9796,             0.98771,             0.82659,            0.025625,            0.038541,          0.00083356,            0.006832,            0.006832,            0.006832
                  98,             0.03295,            0.039003,           0.0013766,             0.99451,             0.98123,             0.98895,             0.81202,            0.026715,            0.039737,          0.00081737,            0.006799,            0.006799,            0.006799
                  99,            0.032381,            0.039432,           0.0013199,             0.99457,                0.98,              0.9883,             0.82453,            0.025711,            0.039586,          0.00088241,            0.006766,            0.006766,            0.006766
                 100,            0.031907,            0.039388,           0.0013211,              0.9938,             0.98227,             0.98845,             0.82622,            0.025411,            0.039044,          0.00080502,            0.006733,            0.006733,            0.006733
                 101,            0.033953,            0.040754,            0.001152,              0.9955,             0.98123,              0.9889,             0.82046,            0.025036,            0.038886,          0.00081575,              0.0067,              0.0067,              0.0067
                 102,            0.033218,            0.039861,           0.0012043,             0.99334,             0.98116,             0.98818,             0.82342,            0.025042,            0.038256,          0.00078122,            0.006667,            0.006667,            0.006667
                 103,            0.032277,             0.03982,           0.0010952,             0.99372,             0.97838,             0.98846,              0.8291,            0.024638,            0.038431,          0.00082078,            0.006634,            0.006634,            0.006634
                 104,            0.033841,            0.039818,           0.0014795,             0.99362,              0.9796,             0.98841,             0.82951,            0.025781,            0.038632,          0.00094213,            0.006601,            0.006601,            0.006601
                 105,            0.033595,            0.039123,           0.0015006,             0.99644,             0.97826,             0.98949,             0.82746,             0.02454,              0.0389,          0.00092587,            0.006568,            0.006568,            0.006568
                 106,             0.03083,            0.037798,           0.0011539,             0.99569,             0.97912,             0.98932,              0.8312,            0.025354,             0.03858,          0.00083053,            0.006535,            0.006535,            0.006535
                 107,            0.031406,            0.038136,           0.0011107,             0.99486,             0.97998,             0.98893,             0.82552,            0.025464,            0.039535,          0.00095693,            0.006502,            0.006502,            0.006502
                 108,            0.031411,            0.038055,           0.0013482,             0.99423,             0.98035,             0.98906,             0.82507,            0.024982,            0.038283,          0.00096062,            0.006469,            0.006469,            0.006469
                 109,            0.032531,            0.038872,           0.0013545,             0.99543,             0.98123,             0.98828,             0.83007,            0.025226,            0.037746,          0.00088815,            0.006436,            0.006436,            0.006436
                 110,            0.031033,            0.039002,           0.0012466,             0.99549,             0.98286,             0.98862,             0.82454,            0.024715,             0.03911,          0.00084783,            0.006403,            0.006403,            0.006403
                 111,            0.031021,            0.037702,           0.0010152,             0.99206,             0.98246,             0.98866,             0.82471,            0.025567,            0.038422,          0.00082274,             0.00637,             0.00637,             0.00637
                 112,            0.032368,            0.037439,           0.0011568,             0.99441,              0.9805,             0.98784,             0.82061,            0.025466,            0.037923,          0.00085599,            0.006337,            0.006337,            0.006337
                 113,            0.031396,             0.03872,             0.00137,             0.99389,              0.9808,             0.98777,             0.82909,            0.025117,            0.037638,          0.00080378,            0.006304,            0.006304,            0.006304
                 114,            0.032991,            0.039247,            0.001229,             0.99353,             0.98286,             0.98879,             0.84053,            0.024227,             0.03775,          0.00078919,            0.006271,            0.006271,            0.006271
                 115,            0.030343,            0.037498,           0.0012453,             0.99629,             0.98042,             0.98862,             0.83147,            0.024893,            0.037723,          0.00078059,            0.006238,            0.006238,            0.006238
                 116,            0.031752,             0.03885,           0.0014551,             0.99526,             0.98368,              0.9889,             0.83522,            0.024341,             0.03801,          0.00075871,            0.006205,            0.006205,            0.006205
                 117,            0.031479,            0.038905,           0.0018374,             0.99373,             0.98287,             0.98888,             0.83371,            0.023954,            0.038119,          0.00097032,            0.006172,            0.006172,            0.006172
                 118,            0.031118,            0.037853,           0.0013761,             0.99457,             0.98164,             0.98839,             0.83797,            0.024414,            0.038168,          0.00084628,            0.006139,            0.006139,            0.006139
                 119,            0.031468,            0.037955,            0.001376,             0.99371,             0.98205,             0.98904,             0.83393,            0.024457,            0.038562,          0.00083737,            0.006106,            0.006106,            0.006106
                 120,            0.031902,            0.039244,           0.0017604,             0.99543,             0.98112,             0.98843,             0.83249,            0.024509,            0.038008,          0.00084005,            0.006073,            0.006073,            0.006073
                 121,            0.029997,            0.036905,           0.0013356,             0.99568,             0.98082,             0.98914,             0.83818,            0.024552,            0.037572,           0.0008076,             0.00604,             0.00604,             0.00604
                 122,            0.031571,            0.038797,           0.0011827,             0.99535,             0.98246,             0.98902,              0.8267,            0.024892,            0.037851,           0.0008853,            0.006007,            0.006007,            0.006007
                 123,            0.029796,            0.037051,           0.0011973,             0.99409,             0.98368,             0.98925,             0.83543,            0.024183,            0.037559,          0.00075898,            0.005974,            0.005974,            0.005974
                 124,            0.031852,             0.03774,           0.0010793,             0.99353,             0.98368,             0.99027,             0.83197,            0.024976,            0.037874,          0.00073091,            0.005941,            0.005941,            0.005941
                 125,            0.030887,            0.037745,           0.0010329,             0.99153,             0.98251,             0.98973,             0.83143,            0.024195,            0.037528,          0.00074809,            0.005908,            0.005908,            0.005908
                 126,            0.029946,            0.037322,          0.00099751,             0.99323,             0.98082,             0.98878,             0.82537,            0.024217,            0.037592,          0.00071443,            0.005875,            0.005875,            0.005875
                 127,            0.030851,            0.037124,           0.0011258,             0.99219,             0.98246,             0.98902,             0.83571,            0.023638,            0.036941,          0.00069322,            0.005842,            0.005842,            0.005842
                 128,            0.029618,            0.037993,           0.0014052,             0.99272,             0.98327,              0.9891,             0.83664,            0.024379,            0.037635,          0.00077565,            0.005809,            0.005809,            0.005809
                 129,            0.029597,            0.036099,           0.0011002,             0.99452,             0.98199,             0.98878,              0.8386,             0.02389,            0.036874,          0.00069684,            0.005776,            0.005776,            0.005776
                 130,            0.030223,            0.036996,           0.0009943,             0.99272,             0.98327,             0.98892,             0.83798,            0.023636,            0.037311,          0.00073444,            0.005743,            0.005743,            0.005743
                 131,             0.03028,             0.03652,           0.0011335,              0.9936,             0.98053,             0.98909,             0.83707,            0.023881,            0.037159,          0.00080869,             0.00571,             0.00571,             0.00571
                 132,            0.029582,             0.03682,          0.00099127,             0.99528,              0.9824,             0.98946,             0.84311,            0.023667,            0.036786,           0.0007447,            0.005677,            0.005677,            0.005677
                 133,            0.031105,            0.037756,           0.0009174,             0.99266,             0.98409,             0.98906,             0.83621,            0.024486,            0.037648,          0.00065156,            0.005644,            0.005644,            0.005644
                 134,            0.029461,            0.037323,             0.00105,             0.99397,             0.98138,             0.98861,             0.83029,            0.024246,            0.038081,          0.00065382,            0.005611,            0.005611,            0.005611
                 135,            0.030806,            0.036748,          0.00099429,             0.99254,             0.98327,             0.98859,             0.83685,            0.024061,            0.037147,          0.00066171,            0.005578,            0.005578,            0.005578
                 136,            0.031035,             0.03669,           0.0011261,             0.99364,             0.98447,             0.99017,              0.8352,            0.023957,            0.037597,          0.00073753,            0.005545,            0.005545,            0.005545
                 137,            0.028746,            0.036752,           0.0010294,             0.99536,             0.98123,             0.98959,             0.84013,            0.024007,             0.03779,          0.00075113,            0.005512,            0.005512,            0.005512
                 138,            0.029705,            0.036381,            0.000981,             0.99294,              0.9849,             0.99004,             0.83609,            0.024036,            0.038018,          0.00070325,            0.005479,            0.005479,            0.005479
                 139,            0.030366,            0.036745,          0.00096463,              0.9954,             0.98241,             0.98953,             0.84116,            0.023208,            0.037778,          0.00061586,            0.005446,            0.005446,            0.005446
                 140,             0.02905,            0.036605,           0.0011766,             0.99372,             0.98241,              0.9897,              0.8341,            0.022811,            0.037513,          0.00063358,            0.005413,            0.005413,            0.005413
                 141,            0.028156,             0.03514,           0.0010151,             0.99582,             0.97659,             0.98842,             0.84053,            0.023194,            0.037187,          0.00064345,             0.00538,             0.00538,             0.00538
                 142,            0.029988,            0.037361,          0.00099227,             0.99681,             0.97889,             0.98925,             0.83816,            0.023793,              0.0378,          0.00065995,            0.005347,            0.005347,            0.005347
                 143,            0.028378,            0.036632,           0.0009911,             0.99454,             0.98123,             0.98917,              0.8425,            0.023542,            0.036909,          0.00063523,            0.005314,            0.005314,            0.005314
                 144,            0.029885,            0.037511,          0.00099765,             0.99382,             0.98263,             0.98918,              0.8404,             0.02461,            0.037481,          0.00074558,            0.005281,            0.005281,            0.005281
                 145,            0.029317,             0.03567,           0.0013119,             0.99457,             0.98368,             0.98917,             0.84407,            0.023879,            0.037037,          0.00073123,            0.005248,            0.005248,            0.005248
                 146,            0.031193,            0.037668,           0.0012289,             0.99468,             0.98311,             0.98905,              0.8411,            0.024422,            0.037321,          0.00067332,            0.005215,            0.005215,            0.005215
                 147,            0.030416,            0.037568,           0.0011282,             0.99456,              0.9831,             0.98986,             0.84078,            0.023579,            0.036649,          0.00068214,            0.005182,            0.005182,            0.005182
                 148,             0.02973,            0.037278,          0.00086875,             0.99318,             0.98327,             0.98966,             0.84708,            0.023524,            0.037182,          0.00061445,            0.005149,            0.005149,            0.005149
                 149,            0.028201,            0.036096,           0.0010384,             0.99221,             0.98169,             0.98912,             0.84471,            0.023104,            0.036987,          0.00056927,            0.005116,            0.005116,            0.005116
                 150,            0.028434,            0.035816,           0.0010132,             0.99452,             0.98327,             0.99061,              0.8429,            0.023059,            0.036671,          0.00064915,            0.005083,            0.005083,            0.005083
                 151,            0.030531,            0.037008,           0.0011238,             0.99248,             0.98464,             0.99075,              0.8384,            0.023361,             0.03743,          0.00069416,             0.00505,             0.00505,             0.00505
                 152,             0.02826,            0.036715,            0.001181,             0.99335,             0.98482,             0.99089,             0.83922,            0.023176,            0.037395,          0.00063569,            0.005017,            0.005017,            0.005017
                 153,            0.030012,            0.036279,           0.0011305,               0.993,             0.98351,             0.98875,             0.83942,            0.023634,            0.037131,          0.00062976,            0.004984,            0.004984,            0.004984
                 154,            0.029743,            0.036556,          0.00093073,             0.99478,             0.98349,              0.9906,             0.84643,            0.023349,            0.037271,          0.00063236,            0.004951,            0.004951,            0.004951
                 155,            0.027746,            0.035554,           0.0010335,             0.99495,             0.98513,             0.98972,             0.84495,            0.023093,            0.036632,          0.00063883,            0.004918,            0.004918,            0.004918
                 156,            0.029106,            0.035694,          0.00095824,             0.99337,             0.98336,             0.98856,             0.84773,            0.023348,            0.036538,          0.00065049,            0.004885,            0.004885,            0.004885
                 157,            0.030034,            0.036908,           0.0010385,             0.99147,             0.98332,             0.98906,             0.84705,            0.022917,            0.036342,          0.00061543,            0.004852,            0.004852,            0.004852
                 158,            0.026501,            0.034744,          0.00092716,              0.9952,             0.98368,             0.98896,             0.84168,            0.023239,            0.036971,          0.00058142,            0.004819,            0.004819,            0.004819
                 159,            0.028268,            0.035692,          0.00087718,             0.99478,             0.98246,             0.98939,             0.84734,            0.023031,            0.036593,          0.00059533,            0.004786,            0.004786,            0.004786
                 160,            0.029141,            0.035331,           0.0012316,             0.99366,             0.98286,             0.98919,             0.85285,            0.022529,            0.036711,          0.00065143,            0.004753,            0.004753,            0.004753
                 161,            0.028921,            0.036091,           0.0012071,               0.993,             0.98164,             0.98893,             0.84289,            0.022597,            0.037147,          0.00059064,             0.00472,             0.00472,             0.00472
                 162,            0.030043,            0.036525,          0.00095451,             0.99316,             0.98368,             0.98935,              0.8385,            0.023619,            0.037349,          0.00059789,            0.004687,            0.004687,            0.004687
                 163,            0.028589,            0.035728,           0.0010308,             0.99143,             0.98286,             0.98853,             0.84412,            0.023349,            0.036788,           0.0005996,            0.004654,            0.004654,            0.004654
                 164,            0.028186,            0.036215,           0.0010286,             0.99446,             0.98403,             0.98952,             0.84571,            0.023697,            0.037072,          0.00057388,            0.004621,            0.004621,            0.004621
                 165,            0.029278,            0.037367,           0.0009283,             0.99381,             0.98368,             0.98987,             0.84654,            0.023428,            0.036894,          0.00057309,            0.004588,            0.004588,            0.004588
                 166,            0.027672,            0.035496,          0.00074458,             0.99631,             0.98286,             0.98946,              0.8467,            0.023265,            0.036524,          0.00054823,            0.004555,            0.004555,            0.004555
                 167,            0.027864,            0.036658,            0.001122,             0.99498,             0.98327,             0.98964,             0.84498,            0.023679,            0.036607,          0.00056764,            0.004522,            0.004522,            0.004522
                 168,            0.028809,            0.035297,          0.00094779,              0.9927,             0.98483,             0.98934,             0.84174,            0.023394,            0.036152,          0.00059922,            0.004489,            0.004489,            0.004489
                 169,            0.029776,            0.037025,          0.00080543,             0.99555,              0.9842,             0.98982,             0.84217,            0.023175,            0.036986,          0.00054714,            0.004456,            0.004456,            0.004456
                 170,            0.030308,            0.037657,          0.00096828,             0.99407,             0.98409,             0.98968,             0.83954,            0.023192,            0.037616,          0.00050965,            0.004423,            0.004423,            0.004423
                 171,             0.02796,            0.034637,          0.00098129,              0.9951,             0.98347,             0.98979,              0.8458,            0.023101,             0.03656,          0.00058353,             0.00439,             0.00439,             0.00439
                 172,            0.029027,            0.035103,           0.0012794,             0.99551,             0.98327,             0.99057,             0.84557,            0.022883,            0.036417,           0.0006273,            0.004357,            0.004357,            0.004357
                 173,            0.026921,            0.034471,          0.00086876,             0.99423,             0.98205,             0.98972,             0.84424,            0.022427,             0.03641,          0.00058135,            0.004324,            0.004324,            0.004324
                 174,            0.027917,            0.035285,           0.0011849,             0.99288,             0.98424,             0.98946,             0.84568,            0.022791,            0.036549,           0.0005998,            0.004291,            0.004291,            0.004291
                 175,             0.02899,            0.036361,          0.00089158,             0.98988,             0.98423,             0.98946,             0.84681,            0.022588,            0.036454,          0.00062883,            0.004258,            0.004258,            0.004258
                 176,            0.028379,            0.035305,           0.0009291,             0.99493,             0.98361,             0.98972,             0.84423,            0.022689,            0.037002,          0.00060326,            0.004225,            0.004225,            0.004225
                 177,            0.028258,            0.035398,          0.00089988,             0.99249,             0.98499,             0.99011,             0.84961,            0.022729,            0.036891,          0.00056764,            0.004192,            0.004192,            0.004192
                 178,            0.028545,            0.035063,          0.00086375,             0.99192,              0.9826,              0.9897,             0.84754,            0.022831,            0.036703,          0.00053736,            0.004159,            0.004159,            0.004159
                 179,            0.026232,            0.034478,          0.00094415,             0.99439,             0.98164,             0.98899,             0.85107,            0.022373,            0.036261,          0.00054599,            0.004126,            0.004126,            0.004126
                 180,            0.026316,            0.034159,          0.00098897,             0.99602,             0.98224,             0.99036,             0.85234,             0.02255,            0.036217,          0.00053588,            0.004093,            0.004093,            0.004093
                 181,             0.02661,            0.034073,           0.0008101,              0.9955,             0.98368,              0.9899,             0.85307,            0.023081,            0.036456,          0.00052477,             0.00406,             0.00406,             0.00406
                 182,            0.027125,            0.034232,            0.000875,             0.99254,             0.98409,             0.99056,             0.85374,              0.0224,            0.036297,          0.00050618,            0.004027,            0.004027,            0.004027
                 183,            0.026433,            0.034444,          0.00067462,             0.98921,              0.9849,             0.99058,             0.85347,            0.022378,            0.036464,          0.00047831,            0.003994,            0.003994,            0.003994
                 184,            0.027072,            0.035598,          0.00079584,             0.99218,             0.98286,             0.99098,             0.85094,            0.022678,            0.036521,          0.00050586,            0.003961,            0.003961,            0.003961
                 185,            0.027299,            0.033496,          0.00084127,             0.99283,             0.98409,             0.99085,             0.84924,            0.022636,            0.036479,           0.0005492,            0.003928,            0.003928,            0.003928
                 186,            0.027408,            0.033889,          0.00087887,             0.99387,             0.98434,             0.99044,             0.83897,            0.023269,            0.036534,          0.00056602,            0.003895,            0.003895,            0.003895
                 187,            0.028528,            0.035135,           0.0010604,             0.99503,             0.98199,             0.98998,             0.84653,            0.023067,             0.03669,          0.00058842,            0.003862,            0.003862,            0.003862
                 188,            0.027828,            0.035937,          0.00087875,             0.99469,             0.98327,             0.99046,             0.84963,            0.022453,            0.036168,          0.00058018,            0.003829,            0.003829,            0.003829
                 189,            0.027088,            0.032621,          0.00094153,             0.99343,             0.98396,             0.98961,             0.85346,            0.022719,            0.036081,          0.00056917,            0.003796,            0.003796,            0.003796
                 190,            0.026035,            0.034362,          0.00072227,             0.99347,             0.98482,             0.98929,             0.84936,            0.022811,            0.036114,          0.00055728,            0.003763,            0.003763,            0.003763
                 191,            0.027794,            0.035432,           0.0011932,             0.99321,             0.98421,              0.9893,             0.84921,            0.022829,            0.036455,          0.00062713,             0.00373,             0.00373,             0.00373
                 192,             0.02685,            0.035374,          0.00069353,             0.99311,             0.98327,             0.98982,             0.85116,            0.022763,            0.036709,          0.00061979,            0.003697,            0.003697,            0.003697
                 193,            0.029504,            0.036274,           0.0009305,             0.99413,             0.98481,             0.98937,             0.85539,            0.022505,            0.035984,          0.00059216,            0.003664,            0.003664,            0.003664
                 194,             0.02608,            0.034796,          0.00082057,             0.99285,             0.98572,             0.98963,             0.85821,            0.022436,            0.036309,          0.00056461,            0.003631,            0.003631,            0.003631
                 195,            0.027364,            0.033633,           0.0007818,             0.99293,             0.98409,             0.98988,             0.85711,            0.022337,            0.036107,          0.00055029,            0.003598,            0.003598,            0.003598
                 196,            0.027409,            0.036177,          0.00063454,             0.99289,             0.98286,             0.98937,             0.85747,            0.022289,            0.036227,          0.00054713,            0.003565,            0.003565,            0.003565
                 197,            0.026113,            0.034941,          0.00078167,             0.99357,             0.98327,             0.98936,             0.85203,             0.02286,            0.036107,           0.0005439,            0.003532,            0.003532,            0.003532
                 198,            0.027283,             0.03481,           0.0008518,             0.99296,             0.98286,             0.98914,             0.85639,            0.022679,            0.035888,          0.00051754,            0.003499,            0.003499,            0.003499
                 199,            0.025965,            0.033755,           0.0010609,             0.99223,             0.98327,             0.98912,             0.85598,            0.022434,            0.036055,          0.00051772,            0.003466,            0.003466,            0.003466
                 200,            0.026984,            0.033302,          0.00075201,             0.99121,              0.9845,             0.98984,             0.85433,            0.022092,            0.036133,          0.00048879,            0.003433,            0.003433,            0.003433
                 201,             0.02539,            0.033125,          0.00075983,             0.99154,              0.9845,             0.99071,             0.85463,            0.022303,            0.035908,           0.0004953,              0.0034,              0.0034,              0.0034
                 202,            0.024884,             0.03367,           0.0006855,             0.99293,             0.98327,             0.99076,             0.85326,            0.022353,             0.03633,          0.00047744,            0.003367,            0.003367,            0.003367
                 203,            0.025167,            0.031871,          0.00061662,             0.99326,             0.98377,              0.9899,              0.8548,            0.021924,            0.036018,           0.0004342,            0.003334,            0.003334,            0.003334
                 204,            0.026653,            0.033232,          0.00068331,             0.99308,             0.98473,             0.99081,             0.85604,              0.0217,            0.035394,          0.00043557,            0.003301,            0.003301,            0.003301
                 205,            0.025935,            0.033368,          0.00088479,              0.9928,             0.98543,             0.99078,              0.8537,            0.021523,            0.035613,          0.00048078,            0.003268,            0.003268,            0.003268
                 206,            0.026999,            0.034479,           0.0007318,             0.99366,             0.98474,             0.98997,             0.86003,              0.0216,            0.035715,          0.00047553,            0.003235,            0.003235,            0.003235
                 207,            0.025899,            0.033134,          0.00064044,             0.99488,             0.98529,             0.98961,             0.85976,            0.021691,            0.035402,          0.00044406,            0.003202,            0.003202,            0.003202
                 208,            0.025204,            0.034686,           0.0007792,             0.99367,             0.98281,             0.99017,             0.85593,            0.021573,            0.035696,           0.0004525,            0.003169,            0.003169,            0.003169
                 209,            0.025599,            0.033508,          0.00072219,             0.99202,             0.98372,              0.9894,             0.85572,            0.021841,            0.036066,          0.00046702,            0.003136,            0.003136,            0.003136
                 210,             0.02541,            0.033682,            0.000857,             0.99491,             0.98508,             0.99071,             0.85665,            0.021701,            0.035881,          0.00045836,            0.003103,            0.003103,            0.003103
                 211,            0.026695,            0.034908,           0.0006883,             0.99406,             0.98409,             0.99068,             0.85889,            0.021811,            0.035888,          0.00044512,             0.00307,             0.00307,             0.00307
                 212,            0.026653,            0.034914,          0.00071106,             0.99494,              0.9842,              0.9904,             0.86162,            0.021756,            0.035741,          0.00045505,            0.003037,            0.003037,            0.003037
                 213,            0.024384,            0.032835,          0.00083398,             0.99334,             0.98465,             0.99043,             0.85809,            0.021659,             0.03573,          0.00044178,            0.003004,            0.003004,            0.003004
                 214,            0.025322,            0.032158,          0.00058482,             0.99193,             0.98531,             0.99054,             0.86175,             0.02162,            0.035463,          0.00042434,            0.002971,            0.002971,            0.002971
                 215,            0.025923,            0.033689,          0.00071066,             0.99346,             0.98445,             0.99065,             0.85823,            0.021845,            0.035775,          0.00042188,            0.002938,            0.002938,            0.002938
                 216,            0.026507,            0.033794,          0.00064517,             0.99428,              0.9845,              0.9902,             0.85555,            0.021642,            0.036023,          0.00040064,            0.002905,            0.002905,            0.002905
                 217,            0.027092,             0.03284,          0.00072446,             0.99366,             0.98368,             0.99028,             0.85829,            0.021317,            0.036132,          0.00039914,            0.002872,            0.002872,            0.002872
                 218,             0.02709,            0.034441,          0.00063137,             0.99375,             0.98056,             0.98923,             0.85723,             0.02126,            0.035811,          0.00039637,            0.002839,            0.002839,            0.002839
                 219,            0.025387,            0.032383,          0.00057445,             0.99322,             0.98286,             0.98896,             0.85666,            0.021434,            0.035681,          0.00038875,            0.002806,            0.002806,            0.002806
                 220,            0.024532,            0.032428,          0.00070739,              0.9927,             0.98368,              0.9894,             0.85679,            0.021509,            0.035716,          0.00038298,            0.002773,            0.002773,            0.002773
                 221,            0.024975,            0.033082,          0.00056597,             0.99279,             0.98531,              0.9906,             0.85349,            0.021971,            0.035911,          0.00041609,             0.00274,             0.00274,             0.00274
                 222,            0.026211,            0.033754,          0.00057997,             0.99404,             0.98406,             0.99059,             0.85316,            0.021959,            0.035801,          0.00045993,            0.002707,            0.002707,            0.002707
                 223,            0.026865,             0.03389,          0.00053313,             0.99301,             0.98411,             0.99039,             0.85951,             0.02185,            0.035623,          0.00046118,            0.002674,            0.002674,            0.002674
                 224,            0.026252,            0.033846,          0.00068285,             0.99239,             0.98432,             0.99062,             0.85591,            0.022066,            0.035654,          0.00043785,            0.002641,            0.002641,            0.002641
                 225,            0.024472,            0.032581,          0.00084457,             0.99409,             0.98278,             0.99081,             0.85703,            0.022067,            0.035782,          0.00041415,            0.002608,            0.002608,            0.002608
                 226,            0.025336,            0.033822,          0.00063942,              0.9946,             0.98164,             0.98984,             0.86051,            0.021843,            0.035589,           0.0004129,            0.002575,            0.002575,            0.002575
                 227,            0.024839,            0.032285,          0.00069005,             0.99399,             0.98351,             0.98975,             0.86054,            0.021567,            0.035597,          0.00040376,            0.002542,            0.002542,            0.002542
                 228,            0.024368,            0.032701,          0.00090291,             0.99575,             0.98082,             0.98964,             0.85947,            0.021695,            0.035377,          0.00040061,            0.002509,            0.002509,            0.002509
                 229,            0.025613,            0.033098,          0.00062736,             0.99403,             0.98001,             0.98951,             0.85532,            0.021261,            0.035677,          0.00038821,            0.002476,            0.002476,            0.002476
                 230,             0.02378,            0.032324,          0.00074985,             0.99532,             0.98082,             0.99036,             0.85699,            0.021456,            0.035982,          0.00038807,            0.002443,            0.002443,            0.002443
                 231,            0.024798,            0.033347,          0.00074099,             0.99531,             0.98211,             0.98938,             0.86181,            0.021359,            0.035688,          0.00040658,             0.00241,             0.00241,             0.00241
                 232,            0.023771,            0.032339,          0.00066087,             0.99467,             0.98255,             0.98905,             0.86103,            0.021434,            0.035518,          0.00040831,            0.002377,            0.002377,            0.002377
                 233,             0.02613,            0.033143,          0.00095025,             0.99515,             0.98327,             0.98928,             0.86092,            0.021644,            0.035384,           0.0004106,            0.002344,            0.002344,            0.002344
                 234,            0.025448,            0.032965,           0.0009391,             0.99355,             0.98409,             0.98992,             0.85749,            0.021456,            0.035234,          0.00042507,            0.002311,            0.002311,            0.002311
                 235,            0.024522,            0.033287,          0.00086119,             0.99343,             0.98368,             0.99068,             0.86197,            0.021427,            0.035227,          0.00043142,            0.002278,            0.002278,            0.002278
                 236,            0.024835,            0.031526,          0.00081074,              0.9935,             0.98246,             0.99053,             0.86102,            0.021611,            0.035416,          0.00041983,            0.002245,            0.002245,            0.002245
                 237,             0.02522,            0.032667,          0.00071994,             0.99488,             0.98317,             0.98976,             0.86077,            0.021525,            0.035651,           0.0004371,            0.002212,            0.002212,            0.002212
                 238,              0.0245,            0.031766,          0.00059233,             0.99548,             0.98131,             0.98975,             0.86457,            0.021541,            0.035574,          0.00045237,            0.002179,            0.002179,            0.002179
                 239,            0.024438,            0.032907,          0.00065698,             0.99473,             0.98409,             0.98978,             0.85925,            0.021496,            0.035702,          0.00044338,            0.002146,            0.002146,            0.002146
                 240,            0.024411,             0.03287,          0.00061661,             0.99345,             0.98282,             0.98974,             0.86105,            0.021294,            0.035796,          0.00040762,            0.002113,            0.002113,            0.002113
                 241,            0.024896,            0.033454,          0.00056891,             0.99276,             0.98427,             0.99026,              0.8605,            0.021341,             0.03563,           0.0003972,             0.00208,             0.00208,             0.00208
                 242,            0.024839,             0.03304,           0.0006686,             0.99375,             0.98205,             0.98946,             0.85986,            0.021526,            0.035479,          0.00039596,            0.002047,            0.002047,            0.002047
                 243,            0.024146,             0.03233,           0.0005844,             0.99325,             0.98286,             0.98992,             0.86198,            0.021271,            0.035458,          0.00043071,            0.002014,            0.002014,            0.002014
                 244,            0.024236,             0.03188,          0.00088347,             0.99308,             0.98368,             0.98996,             0.86403,            0.021296,            0.035349,          0.00044007,            0.001981,            0.001981,            0.001981
                 245,            0.024988,            0.031914,          0.00061602,             0.99463,             0.98082,             0.99047,             0.86396,             0.02123,            0.035446,          0.00041679,            0.001948,            0.001948,            0.001948
                 246,            0.025311,            0.032925,          0.00074749,             0.99423,             0.98228,             0.99058,             0.85991,             0.02161,            0.035476,          0.00039393,            0.001915,            0.001915,            0.001915
                 247,            0.025829,            0.032119,             0.00071,              0.9934,             0.98205,             0.99051,             0.85655,            0.021473,            0.035554,          0.00039815,            0.001882,            0.001882,            0.001882
                 248,            0.023881,            0.031956,          0.00069692,             0.99439,             0.98205,              0.9897,             0.85672,            0.021582,            0.035681,          0.00045407,            0.001849,            0.001849,            0.001849
                 249,             0.02439,            0.031034,          0.00088081,             0.99495,             0.98308,             0.99052,             0.85807,            0.021581,            0.035749,          0.00045934,            0.001816,            0.001816,            0.001816
                 250,             0.02463,            0.031643,           0.0012487,             0.99407,             0.98368,             0.98991,             0.86018,            0.021573,            0.035686,          0.00043738,            0.001783,            0.001783,            0.001783
                 251,            0.025111,            0.032063,          0.00069719,             0.99455,             0.98368,             0.98915,             0.85685,            0.021739,            0.035774,          0.00045341,             0.00175,             0.00175,             0.00175
                 252,            0.024969,            0.033238,          0.00063869,             0.99422,             0.98327,             0.98971,             0.85928,            0.021472,            0.035576,          0.00045851,            0.001717,            0.001717,            0.001717
                 253,            0.025197,            0.031932,          0.00075698,              0.9934,             0.98288,             0.99062,             0.86134,            0.021499,            0.035492,          0.00045961,            0.001684,            0.001684,            0.001684
                 254,            0.024581,            0.032192,          0.00074072,              0.9941,             0.98246,             0.99078,             0.86176,            0.021376,            0.035521,          0.00043535,            0.001651,            0.001651,            0.001651
                 255,            0.024924,            0.032943,           0.0006466,             0.99246,             0.98102,             0.99073,             0.86024,            0.021471,            0.035524,          0.00040318,            0.001618,            0.001618,            0.001618
                 256,            0.024516,            0.032997,          0.00069812,             0.99415,             0.98281,             0.99064,             0.86101,             0.02133,            0.035326,           0.0003808,            0.001585,            0.001585,            0.001585
                 257,            0.023046,            0.031131,            0.000587,             0.99581,             0.98323,               0.991,             0.86249,             0.02133,             0.03539,          0.00036288,            0.001552,            0.001552,            0.001552
                 258,            0.024309,            0.032891,          0.00067216,             0.99401,             0.98327,             0.99104,             0.86325,            0.021002,            0.035292,          0.00035873,            0.001519,            0.001519,            0.001519
                 259,             0.02518,            0.032215,          0.00072067,             0.99386,             0.98339,             0.98999,             0.86223,            0.020862,            0.035535,          0.00037275,            0.001486,            0.001486,            0.001486
                 260,             0.02433,            0.030057,          0.00075436,             0.99471,             0.98366,             0.99073,             0.86071,            0.021049,            0.035447,          0.00039504,            0.001453,            0.001453,            0.001453
                 261,            0.024865,            0.033003,          0.00078683,             0.99445,             0.98368,             0.99072,             0.86586,             0.02114,            0.035271,          0.00038055,             0.00142,             0.00142,             0.00142
                 262,            0.023638,            0.031302,          0.00062426,             0.99487,             0.98285,             0.99058,             0.86269,            0.021216,            0.035469,           0.0003656,            0.001387,            0.001387,            0.001387
                 263,            0.025978,            0.031921,          0.00059016,             0.99473,             0.98246,             0.99014,             0.86268,            0.021198,            0.035347,           0.0003485,            0.001354,            0.001354,            0.001354
                 264,            0.024597,             0.03176,          0.00063146,             0.99424,             0.98327,             0.99014,             0.86313,            0.021137,            0.035298,          0.00034241,            0.001321,            0.001321,            0.001321
                 265,            0.024031,            0.031261,          0.00067946,             0.99421,             0.98368,             0.99079,             0.86243,            0.021043,            0.035304,           0.0003399,            0.001288,            0.001288,            0.001288
                 266,            0.022213,            0.030812,          0.00060836,             0.99436,             0.98286,             0.99075,             0.86157,            0.021207,            0.035286,          0.00034096,            0.001255,            0.001255,            0.001255
                 267,            0.023691,            0.031887,          0.00069293,               0.995,              0.9819,             0.99055,             0.86389,            0.021106,            0.035105,          0.00034467,            0.001222,            0.001222,            0.001222
                 268,            0.023919,             0.03136,          0.00072853,             0.99457,             0.98294,             0.99074,             0.86383,             0.02119,            0.035094,           0.0003506,            0.001189,            0.001189,            0.001189
                 269,            0.024052,            0.031831,          0.00068671,             0.99378,             0.98368,             0.99076,             0.86373,            0.021242,            0.035117,          0.00035209,            0.001156,            0.001156,            0.001156
                 270,            0.022916,            0.031874,          0.00045102,             0.99439,             0.98437,             0.99068,              0.8654,            0.021073,            0.034937,          0.00034832,            0.001123,            0.001123,            0.001123
                 271,            0.023585,            0.031662,          0.00064507,               0.994,             0.98431,             0.99078,             0.86584,            0.021123,            0.035113,          0.00034515,             0.00109,             0.00109,             0.00109
                 272,            0.024238,            0.031493,          0.00061949,             0.99416,             0.98368,             0.99066,              0.8659,             0.02126,             0.03531,          0.00034442,            0.001057,            0.001057,            0.001057
                 273,            0.023876,            0.031854,          0.00053622,              0.9939,             0.98379,             0.99058,             0.86518,            0.021306,            0.035173,            0.000355,            0.001024,            0.001024,            0.001024
                 274,            0.024168,            0.032027,          0.00059407,             0.99317,              0.9845,             0.99064,              0.8672,            0.021379,             0.03525,           0.0003621,            0.000991,            0.000991,            0.000991
                 275,            0.024279,            0.032871,          0.00044763,             0.99327,             0.98448,             0.99059,             0.86892,            0.021322,             0.03525,          0.00036428,            0.000958,            0.000958,            0.000958
                 276,            0.025605,            0.032357,          0.00061356,              0.9934,             0.98343,             0.99073,             0.86555,            0.021298,             0.03529,          0.00036704,            0.000925,            0.000925,            0.000925
                 277,            0.022675,            0.031104,          0.00086086,             0.99353,              0.9834,             0.99052,              0.8661,            0.021169,            0.035177,          0.00036537,            0.000892,            0.000892,            0.000892
                 278,             0.02295,            0.031901,          0.00048925,             0.99486,             0.98391,              0.9902,             0.86591,            0.021044,            0.035157,          0.00036414,            0.000859,            0.000859,            0.000859
                 279,            0.023351,            0.030579,          0.00064088,             0.99489,             0.98383,             0.99036,             0.86507,            0.021167,            0.035179,          0.00035708,            0.000826,            0.000826,            0.000826
                 280,            0.024569,            0.031346,          0.00051438,             0.99438,             0.98313,             0.99045,             0.86875,            0.021158,            0.035072,          0.00035143,            0.000793,            0.000793,            0.000793
                 281,             0.02377,            0.032295,          0.00048191,             0.99391,             0.98314,             0.99062,             0.86937,            0.021155,             0.03496,          0.00034587,             0.00076,             0.00076,             0.00076
                 282,            0.023466,            0.031845,          0.00073139,             0.99344,             0.98319,             0.99074,              0.8685,             0.02137,            0.034943,          0.00034648,            0.000727,            0.000727,            0.000727
                 283,            0.023053,            0.031098,          0.00062315,             0.99327,             0.98286,             0.99072,             0.87065,             0.02137,            0.034882,          0.00035058,            0.000694,            0.000694,            0.000694
                 284,            0.024089,            0.031031,          0.00064226,             0.99397,             0.98286,             0.99077,             0.86979,            0.021372,            0.034997,          0.00035609,            0.000661,            0.000661,            0.000661
                 285,             0.02383,            0.033147,          0.00055413,             0.99416,             0.98327,             0.99076,             0.86865,            0.021293,            0.034976,          0.00035935,            0.000628,            0.000628,            0.000628
                 286,             0.02211,            0.030239,          0.00054806,             0.99405,             0.98327,             0.99061,             0.86852,            0.021383,            0.035034,          0.00035982,            0.000595,            0.000595,            0.000595
                 287,            0.023531,             0.03178,           0.0010861,             0.99286,             0.98409,              0.9906,             0.86723,            0.021254,            0.035093,          0.00035446,            0.000562,            0.000562,            0.000562
                 288,            0.024822,            0.032691,          0.00057631,             0.99367,             0.98409,             0.99071,             0.86759,            0.021139,            0.035041,          0.00034698,            0.000529,            0.000529,            0.000529
                 289,            0.023566,            0.032362,          0.00065894,             0.99355,             0.98409,             0.99061,              0.8669,            0.021086,            0.034984,           0.0003431,            0.000496,            0.000496,            0.000496
                 290,            0.023222,            0.030949,          0.00079633,             0.99373,             0.98327,             0.99052,             0.86873,            0.020916,            0.035003,          0.00034208,            0.000463,            0.000463,            0.000463
                 291,            0.022561,            0.030381,          0.00053951,             0.99365,             0.98348,             0.99017,             0.86787,            0.020921,             0.03509,          0.00033832,             0.00043,             0.00043,             0.00043
                 292,            0.023315,            0.031054,           0.0005786,             0.99406,             0.98368,             0.99029,             0.86642,            0.020915,            0.034923,          0.00034026,            0.000397,            0.000397,            0.000397
                 293,            0.023964,            0.031592,          0.00050877,              0.9934,              0.9845,             0.99037,             0.86823,            0.020968,            0.034907,          0.00034178,            0.000364,            0.000364,            0.000364
                 294,            0.023602,            0.032314,          0.00069822,             0.99388,              0.9845,             0.98999,             0.86781,            0.020871,            0.034864,          0.00033963,            0.000331,            0.000331,            0.000331
                 295,             0.02197,            0.030922,            0.000505,             0.99343,              0.9845,             0.99047,             0.86874,             0.02085,            0.034825,          0.00033624,            0.000298,            0.000298,            0.000298
                 296,            0.022522,            0.030712,          0.00069687,             0.99412,             0.98384,             0.99039,             0.86873,            0.020788,            0.034772,          0.00033404,            0.000265,            0.000265,            0.000265
                 297,            0.023545,            0.031219,          0.00042945,             0.99444,              0.9845,             0.98957,             0.87014,            0.020789,            0.034755,          0.00032909,            0.000232,            0.000232,            0.000232
                 298,            0.024262,             0.03138,           0.0006305,             0.99415,              0.9845,             0.98957,             0.86756,            0.020834,            0.034756,          0.00032561,            0.000199,            0.000199,            0.000199
                 299,            0.022364,            0.031304,          0.00063991,             0.99461,             0.98372,             0.99004,             0.86951,            0.020734,            0.034764,          0.00032412,            0.000166,            0.000166,            0.000166
